,dev_loss,dev_score,epoch,train_loss,train_score
0,9.76507568359375,2.433894157409668,1.0,225.9883575439453,9.61338996887207
1,0.7991933226585388,0.6782261729240417,2.0,2.194404125213623,1.071260690689087
2,0.7849621176719666,0.6776524782180786,3.0,0.9053646326065063,0.7227394580841064
3,0.8108264207839966,0.6672720909118652,4.0,0.8421077728271484,0.6880893111228943
4,0.8260424733161926,0.6815142631530762,5.0,0.8221662044525146,0.6714994311332703
5,0.7877233028411865,0.6678805351257324,6.0,0.7730855345726013,0.6519742012023926
6,0.7822285890579224,0.6714866161346436,7.0,0.7310938835144043,0.62615567445755
